timestamp, index, name, memory.used [MiB], utilization.gpu [%], temperature.gpu, power.draw [W]
2026/09/17 16:28:56.239, 0, NVIDIA GeForce RTX 4070 SUPER, 6540 MiB, 0 %, 44, 7.40 W
2026/09/17 16:28:56.240, 1, NVIDIA GeForce RTX 5060 Ti, 6927 MiB, 0 %, 45, 9.53 W
2026/09/17 16:28:58.254, 0, NVIDIA GeForce RTX 4070 SUPER, 6544 MiB, 34 %, 52, 98.13 W
2026/09/17 16:28:58.254, 1, NVIDIA GeForce RTX 5060 Ti, 6935 MiB, 63 %, 57, 119.22 W
2026/09/17 16:29:00.255, 0, NVIDIA GeForce RTX 4070 SUPER, 6548 MiB, 34 %, 53, 95.52 W
2026/09/17 16:29:00.255, 1, NVIDIA GeForce RTX 5060 Ti, 6935 MiB, 60 %, 57, 98.48 W
2026/09/17 16:29:02.258, 0, NVIDIA GeForce RTX 4070 SUPER, 6537 MiB, 34 %, 52, 75.36 W
2026/09/17 16:29:02.258, 1, NVIDIA GeForce RTX 5060 Ti, 6935 MiB, 64 %, 58, 99.18 W
2026/09/17 16:29:04.273, 0, NVIDIA GeForce RTX 4070 SUPER, 6522 MiB, 35 %, 53, 71.48 W
2026/09/17 16:29:04.273, 1, NVIDIA GeForce RTX 5060 Ti, 6935 MiB, 61 %, 59, 99.22 W
2026/09/17 16:29:06.285, 0, NVIDIA GeForce RTX 4070 SUPER, 6522 MiB, 37 %, 52, 71.47 W
2026/09/17 16:29:06.285, 1, NVIDIA GeForce RTX 5060 Ti, 6935 MiB, 58 %, 59, 99.38 W
2026/09/17 16:29:08.298, 0, NVIDIA GeForce RTX 4070 SUPER, 6539 MiB, 28 %, 64, 132.90 W
2026/09/17 16:29:08.298, 1, NVIDIA GeForce RTX 5060 Ti, 6935 MiB, 99 %, 69, 148.83 W
2026/09/17 16:29:10.303, 0, NVIDIA GeForce RTX 4070 SUPER, 6540 MiB, 0 %, 51, 64.62 W
2026/09/17 16:29:10.303, 1, NVIDIA GeForce RTX 5060 Ti, 6935 MiB, 0 %, 53, 48.76 W
2026/09/17 16:29:12.304, 0, NVIDIA GeForce RTX 4070 SUPER, 6539 MiB, 36 %, 57, 112.02 W
2026/09/17 16:29:12.304, 1, NVIDIA GeForce RTX 5060 Ti, 6935 MiB, 60 %, 60, 129.58 W
2026/09/17 16:29:14.318, 0, NVIDIA GeForce RTX 4070 SUPER, 6524 MiB, 38 %, 56, 95.92 W
2026/09/17 16:29:14.318, 1, NVIDIA GeForce RTX 5060 Ti, 6935 MiB, 61 %, 61, 100.88 W
2026/09/17 16:29:16.333, 0, NVIDIA GeForce RTX 4070 SUPER, 6524 MiB, 35 %, 57, 78.08 W
2026/09/17 16:29:16.333, 1, NVIDIA GeForce RTX 5060 Ti, 6935 MiB, 60 %, 60, 100.84 W
2026/09/17 16:29:18.336, 0, NVIDIA GeForce RTX 4070 SUPER, 6524 MiB, 40 %, 56, 73.36 W
2026/09/17 16:29:18.336, 1, NVIDIA GeForce RTX 5060 Ti, 6935 MiB, 56 %, 59, 101.50 W
2026/09/17 16:29:20.347, 0, NVIDIA GeForce RTX 4070 SUPER, 6542 MiB, 36 %, 57, 73.57 W
2026/09/17 16:29:20.347, 1, NVIDIA GeForce RTX 5060 Ti, 6935 MiB, 62 %, 61, 101.31 W
2026/09/17 16:29:22.360, 0, NVIDIA GeForce RTX 4070 SUPER, 6542 MiB, 69 %, 61, 70.35 W
2026/09/17 16:29:22.360, 1, NVIDIA GeForce RTX 5060 Ti, 6935 MiB, 99 %, 68, 77.65 W
2026/09/17 16:29:24.364, 0, NVIDIA GeForce RTX 4070 SUPER, 6575 MiB, 36 %, 61, 109.62 W
2026/09/17 16:29:24.364, 1, NVIDIA GeForce RTX 5060 Ti, 6935 MiB, 58 %, 60, 132.95 W
2026/09/17 16:29:26.367, 0, NVIDIA GeForce RTX 4070 SUPER, 6573 MiB, 21 %, 71, 105.41 W
2026/09/17 16:29:26.367, 1, NVIDIA GeForce RTX 5060 Ti, 6935 MiB, 99 %, 68, 109.68 W
2026/09/17 16:29:28.377, 0, NVIDIA GeForce RTX 4070 SUPER, 6587 MiB, 24 %, 60, 133.88 W
2026/09/17 16:29:28.377, 1, NVIDIA GeForce RTX 5060 Ti, 6935 MiB, 99 %, 69, 147.56 W
2026/09/17 16:29:30.378, 0, NVIDIA GeForce RTX 4070 SUPER, 6601 MiB, 1 %, 61, 61.80 W
2026/09/17 16:29:30.378, 1, NVIDIA GeForce RTX 5060 Ti, 6935 MiB, 0 %, 53, 56.14 W
2026/09/17 16:29:32.395, 0, NVIDIA GeForce RTX 4070 SUPER, 6579 MiB, 21 %, 69, 136.36 W
2026/09/17 16:29:32.395, 1, NVIDIA GeForce RTX 5060 Ti, 6935 MiB, 99 %, 68, 147.70 W
2026/09/17 16:29:34.398, 0, NVIDIA GeForce RTX 4070 SUPER, 6569 MiB, 35 %, 62, 95.85 W
2026/09/17 16:29:34.398, 1, NVIDIA GeForce RTX 5060 Ti, 6935 MiB, 58 %, 60, 118.95 W
2026/09/17 16:29:36.409, 0, NVIDIA GeForce RTX 4070 SUPER, 6542 MiB, 38 %, 61, 91.98 W
2026/09/17 16:29:36.409, 1, NVIDIA GeForce RTX 5060 Ti, 6935 MiB, 63 %, 58, 95.85 W
2026/09/17 16:29:38.424, 0, NVIDIA GeForce RTX 4070 SUPER, 6542 MiB, 36 %, 73, 118.44 W
2026/09/17 16:29:38.424, 1, NVIDIA GeForce RTX 5060 Ti, 6935 MiB, 99 %, 68, 116.95 W
2026/09/17 16:29:40.439, 0, NVIDIA GeForce RTX 4070 SUPER, 6542 MiB, 6 %, 71, 131.82 W
2026/09/17 16:29:40.439, 1, NVIDIA GeForce RTX 5060 Ti, 6935 MiB, 99 %, 68, 147.62 W
2026/09/17 16:29:42.451, 0, NVIDIA GeForce RTX 4070 SUPER, 6542 MiB, 36 %, 63, 99.15 W
2026/09/17 16:29:42.451, 1, NVIDIA GeForce RTX 5060 Ti, 6935 MiB, 57 %, 60, 97.00 W
2026/09/17 16:29:44.452, 0, NVIDIA GeForce RTX 4070 SUPER, 6543 MiB, 40 %, 59, 74.07 W
2026/09/17 16:29:44.452, 1, NVIDIA GeForce RTX 5060 Ti, 6935 MiB, 64 %, 60, 99.65 W
2026/09/17 16:29:46.459, 0, NVIDIA GeForce RTX 4070 SUPER, 6546 MiB, 6 %, 59, 72.59 W
2026/09/17 16:29:46.459, 1, NVIDIA GeForce RTX 5060 Ti, 6935 MiB, 85 %, 60, 97.30 W
2026/09/17 16:29:48.477, 0, NVIDIA GeForce RTX 4070 SUPER, 6545 MiB, 46 %, 68, 104.98 W
2026/09/17 16:29:48.477, 1, NVIDIA GeForce RTX 5060 Ti, 6935 MiB, 99 %, 66, 111.76 W
2026/09/17 16:29:50.492, 0, NVIDIA GeForce RTX 4070 SUPER, 6545 MiB, 37 %, 61, 107.65 W
2026/09/17 16:29:50.492, 1, NVIDIA GeForce RTX 5060 Ti, 6935 MiB, 62 %, 60, 100.55 W
2026/09/17 16:29:52.519, 0, NVIDIA GeForce RTX 4070 SUPER, 6551 MiB, 37 %, 61, 89.88 W
2026/09/17 16:29:52.519, 1, NVIDIA GeForce RTX 5060 Ti, 6935 MiB, 57 %, 57, 100.85 W
2026/09/17 16:29:54.534, 0, NVIDIA GeForce RTX 4070 SUPER, 6720 MiB, 36 %, 59, 78.58 W
2026/09/17 16:29:54.534, 1, NVIDIA GeForce RTX 5060 Ti, 6935 MiB, 56 %, 57, 100.40 W
2026/09/17 16:29:56.535, 0, NVIDIA GeForce RTX 4070 SUPER, 6609 MiB, 82 %, 61, 105.96 W
2026/09/17 16:29:56.535, 1, NVIDIA GeForce RTX 5060 Ti, 6935 MiB, 99 %, 66, 103.31 W
2026/09/17 16:29:58.548, 0, NVIDIA GeForce RTX 4070 SUPER, 6595 MiB, 36 %, 62, 98.36 W
2026/09/17 16:29:58.548, 1, NVIDIA GeForce RTX 5060 Ti, 6935 MiB, 60 %, 60, 110.78 W
2026/09/17 16:30:00.563, 0, NVIDIA GeForce RTX 4070 SUPER, 6588 MiB, 37 %, 60, 92.30 W
2026/09/17 16:30:00.563, 1, NVIDIA GeForce RTX 5060 Ti, 6935 MiB, 62 %, 59, 100.75 W
2026/09/17 16:30:02.576, 0, NVIDIA GeForce RTX 4070 SUPER, 6581 MiB, 40 %, 58, 80.68 W
2026/09/17 16:30:02.576, 1, NVIDIA GeForce RTX 5060 Ti, 6935 MiB, 59 %, 58, 101.21 W
2026/09/17 16:30:04.581, 0, NVIDIA GeForce RTX 4070 SUPER, 6711 MiB, 37 %, 59, 75.94 W
2026/09/17 16:30:04.581, 1, NVIDIA GeForce RTX 5060 Ti, 6935 MiB, 59 %, 57, 100.04 W
2026/09/17 16:30:06.582, 0, NVIDIA GeForce RTX 4070 SUPER, 6711 MiB, 0 %, 55, 61.91 W
2026/09/17 16:30:06.582, 1, NVIDIA GeForce RTX 5060 Ti, 6935 MiB, 59 %, 57, 100.01 W
2026/09/17 16:30:08.592, 0, NVIDIA GeForce RTX 4070 SUPER, 6711 MiB, 0 %, 59, 132.83 W
2026/09/17 16:30:08.592, 1, NVIDIA GeForce RTX 5060 Ti, 6935 MiB, 99 %, 65, 106.39 W
2026/09/17 16:30:10.596, 0, NVIDIA GeForce RTX 4070 SUPER, 6599 MiB, 38 %, 60, 103.44 W
2026/09/17 16:30:10.596, 1, NVIDIA GeForce RTX 5060 Ti, 6935 MiB, 61 %, 57, 100.18 W
2026/09/17 16:30:12.598, 0, NVIDIA GeForce RTX 4070 SUPER, 6595 MiB, 36 %, 60, 83.10 W
2026/09/17 16:30:12.598, 1, NVIDIA GeForce RTX 5060 Ti, 6935 MiB, 59 %, 58, 100.71 W
2026/09/17 16:30:14.614, 0, NVIDIA GeForce RTX 4070 SUPER, 6595 MiB, 36 %, 59, 76.60 W
2026/09/17 16:30:14.614, 1, NVIDIA GeForce RTX 5060 Ti, 6935 MiB, 61 %, 58, 99.89 W
2026/09/17 16:30:16.630, 0, NVIDIA GeForce RTX 4070 SUPER, 6595 MiB, 39 %, 58, 76.03 W
2026/09/17 16:30:16.630, 1, NVIDIA GeForce RTX 5060 Ti, 6935 MiB, 58 %, 56, 100.37 W
2026/09/17 16:30:18.645, 0, NVIDIA GeForce RTX 4070 SUPER, 6595 MiB, 37 %, 58, 74.80 W
2026/09/17 16:30:18.645, 1, NVIDIA GeForce RTX 5060 Ti, 6935 MiB, 60 %, 57, 100.40 W
2026/09/17 16:30:20.662, 0, NVIDIA GeForce RTX 4070 SUPER, 6595 MiB, 39 %, 57, 75.00 W
2026/09/17 16:30:20.662, 1, NVIDIA GeForce RTX 5060 Ti, 6935 MiB, 57 %, 56, 99.76 W
2026/09/17 16:30:22.676, 0, NVIDIA GeForce RTX 4070 SUPER, 6595 MiB, 37 %, 62, 110.29 W
2026/09/17 16:30:22.676, 1, NVIDIA GeForce RTX 5060 Ti, 6935 MiB, 59 %, 58, 127.44 W
2026/09/17 16:30:24.677, 0, NVIDIA GeForce RTX 4070 SUPER, 6591 MiB, 0 %, 59, 122.15 W
2026/09/17 16:30:24.677, 1, NVIDIA GeForce RTX 5060 Ti, 6935 MiB, 98 %, 66, 146.56 W
2026/09/17 16:30:26.692, 0, NVIDIA GeForce RTX 4070 SUPER, 6591 MiB, 40 %, 61, 103.23 W
2026/09/17 16:30:26.692, 1, NVIDIA GeForce RTX 5060 Ti, 6935 MiB, 58 %, 58, 100.75 W
2026/09/17 16:30:28.704, 0, NVIDIA GeForce RTX 4070 SUPER, 6591 MiB, 38 %, 60, 83.54 W
2026/09/17 16:30:28.704, 1, NVIDIA GeForce RTX 5060 Ti, 6935 MiB, 59 %, 58, 100.26 W
2026/09/17 16:30:30.706, 0, NVIDIA GeForce RTX 4070 SUPER, 6593 MiB, 40 %, 58, 76.10 W
2026/09/17 16:30:30.706, 1, NVIDIA GeForce RTX 5060 Ti, 6935 MiB, 57 %, 57, 100.41 W
2026/09/17 16:30:32.721, 0, NVIDIA GeForce RTX 4070 SUPER, 6601 MiB, 36 %, 59, 75.50 W
2026/09/17 16:30:32.721, 1, NVIDIA GeForce RTX 5060 Ti, 6935 MiB, 60 %, 56, 100.41 W
2026/09/17 16:30:34.723, 0, NVIDIA GeForce RTX 4070 SUPER, 6601 MiB, 37 %, 59, 74.90 W
2026/09/17 16:30:34.723, 1, NVIDIA GeForce RTX 5060 Ti, 6935 MiB, 59 %, 56, 99.93 W
2026/09/17 16:30:36.738, 0, NVIDIA GeForce RTX 4070 SUPER, 6601 MiB, 37 %, 59, 74.82 W
2026/09/17 16:30:36.738, 1, NVIDIA GeForce RTX 5060 Ti, 6935 MiB, 60 %, 57, 99.99 W
2026/09/17 16:30:38.751, 0, NVIDIA GeForce RTX 4070 SUPER, 6601 MiB, 41 %, 62, 112.30 W
2026/09/17 16:30:38.751, 1, NVIDIA GeForce RTX 5060 Ti, 6935 MiB, 60 %, 58, 127.70 W
2026/09/17 16:30:40.755, 0, NVIDIA GeForce RTX 4070 SUPER, 6601 MiB, 39 %, 59, 92.76 W
2026/09/17 16:30:40.755, 1, NVIDIA GeForce RTX 5060 Ti, 6935 MiB, 58 %, 58, 99.55 W
2026/09/17 16:30:42.770, 0, NVIDIA GeForce RTX 4070 SUPER, 6601 MiB, 40 %, 59, 77.67 W
2026/09/17 16:30:42.770, 1, NVIDIA GeForce RTX 5060 Ti, 6935 MiB, 63 %, 58, 99.88 W
2026/09/17 16:30:44.771, 0, NVIDIA GeForce RTX 4070 SUPER, 6601 MiB, 75 %, 60, 85.90 W
2026/09/17 16:30:44.771, 1, NVIDIA GeForce RTX 5060 Ti, 6935 MiB, 99 %, 63, 94.18 W
2026/09/17 16:30:46.772, 0, NVIDIA GeForce RTX 4070 SUPER, 6601 MiB, 35 %, 63, 99.43 W
2026/09/17 16:30:46.772, 1, NVIDIA GeForce RTX 5060 Ti, 6935 MiB, 57 %, 56, 108.90 W
2026/09/17 16:30:48.785, 0, NVIDIA GeForce RTX 4070 SUPER, 6601 MiB, 36 %, 62, 89.95 W
2026/09/17 16:30:48.785, 1, NVIDIA GeForce RTX 5060 Ti, 6935 MiB, 58 %, 56, 101.23 W
2026/09/17 16:30:50.789, 0, NVIDIA GeForce RTX 4070 SUPER, 6601 MiB, 39 %, 58, 77.99 W
2026/09/17 16:30:50.789, 1, NVIDIA GeForce RTX 5060 Ti, 6935 MiB, 60 %, 58, 100.24 W
2026/09/17 16:30:52.802, 0, NVIDIA GeForce RTX 4070 SUPER, 6601 MiB, 39 %, 69, 85.61 W
2026/09/17 16:30:52.802, 1, NVIDIA GeForce RTX 5060 Ti, 6935 MiB, 99 %, 65, 89.87 W
2026/09/17 16:30:54.817, 0, NVIDIA GeForce RTX 4070 SUPER, 6584 MiB, 35 %, 60, 94.89 W
2026/09/17 16:30:54.817, 1, NVIDIA GeForce RTX 5060 Ti, 6935 MiB, 58 %, 58, 100.24 W
2026/09/17 16:30:56.833, 0, NVIDIA GeForce RTX 4070 SUPER, 6584 MiB, 41 %, 59, 79.47 W
2026/09/17 16:30:56.833, 1, NVIDIA GeForce RTX 5060 Ti, 6935 MiB, 63 %, 59, 100.09 W
2026/09/17 16:30:58.848, 0, NVIDIA GeForce RTX 4070 SUPER, 6584 MiB, 36 %, 60, 76.11 W
2026/09/17 16:30:58.848, 1, NVIDIA GeForce RTX 5060 Ti, 6935 MiB, 58 %, 56, 100.30 W
2026/09/17 16:31:00.865, 0, NVIDIA GeForce RTX 4070 SUPER, 6584 MiB, 35 %, 59, 75.09 W
2026/09/17 16:31:00.865, 1, NVIDIA GeForce RTX 5060 Ti, 6935 MiB, 58 %, 58, 99.72 W
2026/09/17 16:31:02.878, 0, NVIDIA GeForce RTX 4070 SUPER, 6584 MiB, 42 %, 58, 74.65 W
2026/09/17 16:31:02.878, 1, NVIDIA GeForce RTX 5060 Ti, 6935 MiB, 63 %, 58, 99.80 W
2026/09/17 16:31:04.880, 0, NVIDIA GeForce RTX 4070 SUPER, 6591 MiB, 39 %, 59, 74.78 W
2026/09/17 16:31:04.880, 1, NVIDIA GeForce RTX 5060 Ti, 6935 MiB, 60 %, 56, 99.63 W
2026/09/17 16:31:06.895, 0, NVIDIA GeForce RTX 4070 SUPER, 6591 MiB, 40 %, 61, 112.48 W
2026/09/17 16:31:06.895, 1, NVIDIA GeForce RTX 5060 Ti, 6935 MiB, 63 %, 59, 127.14 W
2026/09/17 16:31:08.911, 0, NVIDIA GeForce RTX 4070 SUPER, 6571 MiB, 39 %, 62, 108.39 W
2026/09/17 16:31:08.911, 1, NVIDIA GeForce RTX 5060 Ti, 6935 MiB, 60 %, 57, 98.65 W
2026/09/17 16:31:10.913, 0, NVIDIA GeForce RTX 4070 SUPER, 6574 MiB, 34 %, 64, 107.10 W
2026/09/17 16:31:10.913, 1, NVIDIA GeForce RTX 5060 Ti, 6935 MiB, 56 %, 57, 98.74 W
2026/09/17 16:31:12.913, 0, NVIDIA GeForce RTX 4070 SUPER, 6574 MiB, 40 %, 62, 102.76 W
2026/09/17 16:31:12.913, 1, NVIDIA GeForce RTX 5060 Ti, 6935 MiB, 61 %, 58, 99.74 W
2026/09/17 16:31:14.926, 0, NVIDIA GeForce RTX 4070 SUPER, 6574 MiB, 49 %, 63, 141.73 W
2026/09/17 16:31:14.926, 1, NVIDIA GeForce RTX 5060 Ti, 6935 MiB, 99 %, 64, 143.67 W
2026/09/17 16:31:16.939, 0, NVIDIA GeForce RTX 4070 SUPER, 6598 MiB, 35 %, 65, 108.95 W
2026/09/17 16:31:16.939, 1, NVIDIA GeForce RTX 5060 Ti, 6935 MiB, 57 %, 57, 101.79 W
2026/09/17 16:31:18.945, 0, NVIDIA GeForce RTX 4070 SUPER, 6598 MiB, 38 %, 61, 86.50 W
2026/09/17 16:31:18.945, 1, NVIDIA GeForce RTX 5060 Ti, 6935 MiB, 61 %, 59, 100.58 W
2026/09/17 16:31:20.962, 0, NVIDIA GeForce RTX 4070 SUPER, 6598 MiB, 36 %, 61, 78.01 W
2026/09/17 16:31:20.962, 1, NVIDIA GeForce RTX 5060 Ti, 6935 MiB, 57 %, 56, 101.36 W
2026/09/17 16:31:22.975, 0, NVIDIA GeForce RTX 4070 SUPER, 6598 MiB, 37 %, 61, 76.43 W
2026/09/17 16:31:22.975, 1, NVIDIA GeForce RTX 5060 Ti, 6935 MiB, 60 %, 58, 100.64 W
2026/09/17 16:31:24.980, 0, NVIDIA GeForce RTX 4070 SUPER, 6599 MiB, 92 %, 63, 72.52 W
2026/09/17 16:31:24.980, 1, NVIDIA GeForce RTX 5060 Ti, 6935 MiB, 34 %, 57, 73.70 W
2026/09/17 16:31:26.989, 0, NVIDIA GeForce RTX 4070 SUPER, 6599 MiB, 34 %, 64, 107.91 W
2026/09/17 16:31:26.989, 1, NVIDIA GeForce RTX 5060 Ti, 6935 MiB, 57 %, 58, 100.75 W
2026/09/17 16:31:28.997, 0, NVIDIA GeForce RTX 4070 SUPER, 6599 MiB, 34 %, 62, 86.86 W
2026/09/17 16:31:28.997, 1, NVIDIA GeForce RTX 5060 Ti, 6935 MiB, 55 %, 58, 100.56 W
2026/09/17 16:31:31.008, 0, NVIDIA GeForce RTX 4070 SUPER, 6599 MiB, 40 %, 60, 76.32 W
2026/09/17 16:31:31.008, 1, NVIDIA GeForce RTX 5060 Ti, 6935 MiB, 63 %, 58, 99.60 W
2026/09/17 16:31:33.023, 0, NVIDIA GeForce RTX 4070 SUPER, 6599 MiB, 38 %, 59, 76.22 W
2026/09/17 16:31:33.023, 1, NVIDIA GeForce RTX 5060 Ti, 6935 MiB, 57 %, 56, 100.78 W
2026/09/17 16:31:35.039, 0, NVIDIA GeForce RTX 4070 SUPER, 6599 MiB, 35 %, 61, 75.75 W
2026/09/17 16:31:35.039, 1, NVIDIA GeForce RTX 5060 Ti, 6935 MiB, 60 %, 59, 99.89 W
2026/09/17 16:31:37.054, 0, NVIDIA GeForce RTX 4070 SUPER, 6602 MiB, 38 %, 62, 76.25 W
2026/09/17 16:31:37.054, 1, NVIDIA GeForce RTX 5060 Ti, 6935 MiB, 99 %, 64, 84.07 W
2026/09/17 16:31:39.066, 0, NVIDIA GeForce RTX 4070 SUPER, 6601 MiB, 26 %, 64, 93.01 W
2026/09/17 16:31:39.066, 1, NVIDIA GeForce RTX 5060 Ti, 6935 MiB, 62 %, 57, 109.68 W
2026/09/17 16:31:41.068, 0, NVIDIA GeForce RTX 4070 SUPER, 6601 MiB, 29 %, 62, 114.25 W
2026/09/17 16:31:41.068, 1, NVIDIA GeForce RTX 5060 Ti, 6935 MiB, 77 %, 61, 144.41 W
2026/09/17 16:31:43.071, 0, NVIDIA GeForce RTX 4070 SUPER, 6617 MiB, 40 %, 63, 103.68 W
2026/09/17 16:31:43.071, 1, NVIDIA GeForce RTX 5060 Ti, 6935 MiB, 58 %, 57, 101.80 W
2026/09/17 16:31:45.086, 0, NVIDIA GeForce RTX 4070 SUPER, 6601 MiB, 36 %, 61, 85.54 W
2026/09/17 16:31:45.086, 1, NVIDIA GeForce RTX 5060 Ti, 6935 MiB, 58 %, 59, 100.81 W
2026/09/17 16:31:47.099, 0, NVIDIA GeForce RTX 4070 SUPER, 6601 MiB, 12 %, 61, 119.25 W
2026/09/17 16:31:47.099, 1, NVIDIA GeForce RTX 5060 Ti, 6935 MiB, 94 %, 67, 147.26 W
2026/09/17 16:31:49.100, 0, NVIDIA GeForce RTX 4070 SUPER, 6601 MiB, 36 %, 64, 103.11 W
2026/09/17 16:31:49.100, 1, NVIDIA GeForce RTX 5060 Ti, 6935 MiB, 62 %, 59, 101.45 W
2026/09/17 16:31:51.111, 0, NVIDIA GeForce RTX 4070 SUPER, 6614 MiB, 63 %, 73, 93.82 W
2026/09/17 16:31:51.111, 1, NVIDIA GeForce RTX 5060 Ti, 6935 MiB, 99 %, 66, 89.94 W
2026/09/17 16:31:53.114, 0, NVIDIA GeForce RTX 4070 SUPER, 6607 MiB, 38 %, 65, 103.43 W
2026/09/17 16:31:53.114, 1, NVIDIA GeForce RTX 5060 Ti, 6935 MiB, 59 %, 58, 114.71 W
2026/09/17 16:31:55.131, 0, NVIDIA GeForce RTX 4070 SUPER, 6607 MiB, 38 %, 62, 91.41 W
2026/09/17 16:31:55.131, 1, NVIDIA GeForce RTX 5060 Ti, 6935 MiB, 59 %, 58, 101.31 W
2026/09/17 16:31:57.145, 0, NVIDIA GeForce RTX 4070 SUPER, 6601 MiB, 92 %, 66, 66.04 W
2026/09/17 16:31:57.145, 1, NVIDIA GeForce RTX 5060 Ti, 6935 MiB, 12 %, 52, 64.93 W
2026/09/17 16:31:59.154, 0, NVIDIA GeForce RTX 4070 SUPER, 6601 MiB, 34 %, 65, 109.01 W
2026/09/17 16:31:59.154, 1, NVIDIA GeForce RTX 5060 Ti, 6935 MiB, 63 %, 60, 100.37 W
2026/09/17 16:32:01.168, 0, NVIDIA GeForce RTX 4070 SUPER, 6601 MiB, 34 %, 62, 84.69 W
2026/09/17 16:32:01.168, 1, NVIDIA GeForce RTX 5060 Ti, 6935 MiB, 63 %, 58, 100.57 W
2026/09/17 16:32:03.182, 0, NVIDIA GeForce RTX 4070 SUPER, 6601 MiB, 36 %, 62, 76.63 W
2026/09/17 16:32:03.182, 1, NVIDIA GeForce RTX 5060 Ti, 6935 MiB, 58 %, 57, 100.31 W
2026/09/17 16:32:05.194, 0, NVIDIA GeForce RTX 4070 SUPER, 6601 MiB, 93 %, 64, 79.37 W
2026/09/17 16:32:05.194, 1, NVIDIA GeForce RTX 5060 Ti, 6935 MiB, 49 %, 60, 84.82 W
2026/09/17 16:32:07.206, 0, NVIDIA GeForce RTX 4070 SUPER, 6601 MiB, 36 %, 63, 109.82 W
2026/09/17 16:32:07.206, 1, NVIDIA GeForce RTX 5060 Ti, 6935 MiB, 60 %, 60, 123.11 W
2026/09/17 16:32:09.212, 0, NVIDIA GeForce RTX 4070 SUPER, 6606 MiB, 34 %, 66, 105.53 W
2026/09/17 16:32:09.212, 1, NVIDIA GeForce RTX 5060 Ti, 6935 MiB, 58 %, 58, 123.82 W
2026/09/17 16:32:11.221, 0, NVIDIA GeForce RTX 4070 SUPER, 6605 MiB, 40 %, 62, 93.92 W
2026/09/17 16:32:11.221, 1, NVIDIA GeForce RTX 5060 Ti, 6935 MiB, 57 %, 59, 99.87 W
2026/09/17 16:32:13.223, 0, NVIDIA GeForce RTX 4070 SUPER, 6582 MiB, 41 %, 62, 92.31 W
2026/09/17 16:32:13.223, 1, NVIDIA GeForce RTX 5060 Ti, 6935 MiB, 60 %, 60, 100.65 W
2026/09/17 16:32:15.239, 0, NVIDIA GeForce RTX 4070 SUPER, 6530 MiB, 42 %, 61, 80.75 W
2026/09/17 16:32:15.239, 1, NVIDIA GeForce RTX 5060 Ti, 6935 MiB, 61 %, 59, 99.92 W
2026/09/17 16:32:17.241, 0, NVIDIA GeForce RTX 4070 SUPER, 6541 MiB, 35 %, 60, 79.78 W
2026/09/17 16:32:17.241, 1, NVIDIA GeForce RTX 5060 Ti, 6935 MiB, 62 %, 58, 99.59 W
2026/09/17 16:32:19.249, 0, NVIDIA GeForce RTX 4070 SUPER, 6542 MiB, 38 %, 61, 77.03 W
2026/09/17 16:32:19.249, 1, NVIDIA GeForce RTX 5060 Ti, 6935 MiB, 58 %, 59, 100.23 W
2026/09/17 16:32:21.256, 0, NVIDIA GeForce RTX 4070 SUPER, 6541 MiB, 28 %, 73, 91.02 W
2026/09/17 16:32:21.256, 1, NVIDIA GeForce RTX 5060 Ti, 6935 MiB, 99 %, 66, 94.18 W
2026/09/17 16:32:23.270, 0, NVIDIA GeForce RTX 4070 SUPER, 6536 MiB, 35 %, 62, 107.65 W
2026/09/17 16:32:23.270, 1, NVIDIA GeForce RTX 5060 Ti, 6935 MiB, 55 %, 59, 100.83 W
2026/09/17 16:32:25.286, 0, NVIDIA GeForce RTX 4070 SUPER, 6526 MiB, 38 %, 60, 84.22 W
2026/09/17 16:32:25.286, 1, NVIDIA GeForce RTX 5060 Ti, 6935 MiB, 58 %, 59, 100.20 W
2026/09/17 16:32:27.293, 0, NVIDIA GeForce RTX 4070 SUPER, 6528 MiB, 35 %, 61, 76.61 W
2026/09/17 16:32:27.293, 1, NVIDIA GeForce RTX 5060 Ti, 6935 MiB, 57 %, 58, 100.30 W
2026/09/17 16:32:29.304, 0, NVIDIA GeForce RTX 4070 SUPER, 6530 MiB, 35 %, 61, 76.20 W
2026/09/17 16:32:29.304, 1, NVIDIA GeForce RTX 5060 Ti, 6935 MiB, 58 %, 57, 100.62 W
2026/09/17 16:32:31.319, 0, NVIDIA GeForce RTX 4070 SUPER, 6530 MiB, 58 %, 68, 111.38 W
2026/09/17 16:32:31.319, 1, NVIDIA GeForce RTX 5060 Ti, 6935 MiB, 99 %, 66, 104.03 W
2026/09/17 16:32:33.333, 0, NVIDIA GeForce RTX 4070 SUPER, 6531 MiB, 0 %, 60, 93.78 W
2026/09/17 16:32:33.333, 1, NVIDIA GeForce RTX 5060 Ti, 6935 MiB, 1 %, 54, 102.15 W
2026/09/17 16:32:35.345, 0, NVIDIA GeForce RTX 4070 SUPER, 6529 MiB, 40 %, 63, 95.19 W
2026/09/17 16:32:35.345, 1, NVIDIA GeForce RTX 5060 Ti, 6935 MiB, 64 %, 60, 103.73 W
2026/09/17 16:32:37.353, 0, NVIDIA GeForce RTX 4070 SUPER, 6528 MiB, 34 %, 62, 88.67 W
2026/09/17 16:32:37.353, 1, NVIDIA GeForce RTX 5060 Ti, 6935 MiB, 56 %, 59, 100.77 W
2026/09/17 16:32:39.367, 0, NVIDIA GeForce RTX 4070 SUPER, 6527 MiB, 37 %, 60, 77.45 W
2026/09/17 16:32:39.367, 1, NVIDIA GeForce RTX 5060 Ti, 6935 MiB, 61 %, 60, 100.59 W
2026/09/17 16:32:41.383, 0, NVIDIA GeForce RTX 4070 SUPER, 6520 MiB, 35 %, 61, 76.43 W
2026/09/17 16:32:41.383, 1, NVIDIA GeForce RTX 5060 Ti, 6935 MiB, 55 %, 59, 100.50 W
2026/09/17 16:32:43.396, 0, NVIDIA GeForce RTX 4070 SUPER, 6520 MiB, 10 %, 63, 66.76 W
2026/09/17 16:32:43.396, 1, NVIDIA GeForce RTX 5060 Ti, 6935 MiB, 28 %, 52, 86.54 W
2026/09/17 16:32:45.410, 0, NVIDIA GeForce RTX 4070 SUPER, 6525 MiB, 39 %, 63, 104.78 W
2026/09/17 16:32:45.410, 1, NVIDIA GeForce RTX 5060 Ti, 6935 MiB, 62 %, 59, 114.35 W
2026/09/17 16:32:47.411, 0, NVIDIA GeForce RTX 4070 SUPER, 6525 MiB, 38 %, 63, 117.59 W
2026/09/17 16:32:47.411, 1, NVIDIA GeForce RTX 5060 Ti, 6935 MiB, 57 %, 60, 143.20 W
2026/09/17 16:32:49.427, 0, NVIDIA GeForce RTX 4070 SUPER, 6525 MiB, 24 %, 75, 120.37 W
2026/09/17 16:32:49.427, 1, NVIDIA GeForce RTX 5060 Ti, 6935 MiB, 99 %, 67, 104.38 W
2026/09/17 16:32:51.431, 0, NVIDIA GeForce RTX 4070 SUPER, 6546 MiB, 36 %, 67, 109.60 W
2026/09/17 16:32:51.431, 1, NVIDIA GeForce RTX 5060 Ti, 6935 MiB, 59 %, 60, 101.79 W
2026/09/17 16:32:53.436, 0, NVIDIA GeForce RTX 4070 SUPER, 6551 MiB, 35 %, 64, 96.97 W
2026/09/17 16:32:53.436, 1, NVIDIA GeForce RTX 5060 Ti, 6935 MiB, 60 %, 60, 100.36 W
2026/09/17 16:32:55.440, 0, NVIDIA GeForce RTX 4070 SUPER, 6552 MiB, 17 %, 71, 88.71 W
2026/09/17 16:32:55.440, 1, NVIDIA GeForce RTX 5060 Ti, 6935 MiB, 71 %, 52, 81.13 W
2026/09/17 16:32:57.444, 0, NVIDIA GeForce RTX 4070 SUPER, 6591 MiB, 36 %, 66, 110.87 W
2026/09/17 16:32:57.444, 1, NVIDIA GeForce RTX 5060 Ti, 6935 MiB, 60 %, 60, 127.82 W
2026/09/17 16:32:59.458, 0, NVIDIA GeForce RTX 4070 SUPER, 6584 MiB, 34 %, 65, 110.35 W
2026/09/17 16:32:59.458, 1, NVIDIA GeForce RTX 5060 Ti, 6935 MiB, 60 %, 62, 118.21 W
2026/09/17 16:33:01.472, 0, NVIDIA GeForce RTX 4070 SUPER, 6576 MiB, 36 %, 65, 102.41 W
2026/09/17 16:33:01.472, 1, NVIDIA GeForce RTX 5060 Ti, 6935 MiB, 57 %, 60, 100.73 W
2026/09/17 16:33:03.479, 0, NVIDIA GeForce RTX 4070 SUPER, 6570 MiB, 36 %, 62, 81.81 W
2026/09/17 16:33:03.479, 1, NVIDIA GeForce RTX 5060 Ti, 6935 MiB, 63 %, 60, 101.11 W
2026/09/17 16:33:05.487, 0, NVIDIA GeForce RTX 4070 SUPER, 6564 MiB, 35 %, 62, 76.77 W
2026/09/17 16:33:05.487, 1, NVIDIA GeForce RTX 5060 Ti, 6935 MiB, 63 %, 60, 100.24 W
2026/09/17 16:33:07.491, 0, NVIDIA GeForce RTX 4070 SUPER, 6555 MiB, 50 %, 69, 116.51 W
2026/09/17 16:33:07.491, 1, NVIDIA GeForce RTX 5060 Ti, 6935 MiB, 99 %, 68, 112.46 W
2026/09/17 16:33:09.504, 0, NVIDIA GeForce RTX 4070 SUPER, 6539 MiB, 0 %, 60, 85.78 W
2026/09/17 16:33:09.504, 1, NVIDIA GeForce RTX 5060 Ti, 6935 MiB, 0 %, 52, 76.44 W
2026/09/17 16:33:11.518, 0, NVIDIA GeForce RTX 4070 SUPER, 6539 MiB, 40 %, 64, 114.81 W
2026/09/17 16:33:11.518, 1, NVIDIA GeForce RTX 5060 Ti, 6935 MiB, 58 %, 60, 139.01 W
2026/09/17 16:33:13.534, 0, NVIDIA GeForce RTX 4070 SUPER, 6539 MiB, 38 %, 64, 98.76 W
2026/09/17 16:33:13.534, 1, NVIDIA GeForce RTX 5060 Ti, 6935 MiB, 59 %, 60, 101.69 W
2026/09/17 16:33:15.542, 0, NVIDIA GeForce RTX 4070 SUPER, 6539 MiB, 37 %, 62, 81.32 W
2026/09/17 16:33:15.542, 1, NVIDIA GeForce RTX 5060 Ti, 6935 MiB, 60 %, 60, 100.65 W
2026/09/17 16:33:17.550, 0, NVIDIA GeForce RTX 4070 SUPER, 6539 MiB, 40 %, 61, 78.05 W
2026/09/17 16:33:17.550, 1, NVIDIA GeForce RTX 5060 Ti, 6935 MiB, 58 %, 59, 101.18 W
2026/09/17 16:33:19.550, 0, NVIDIA GeForce RTX 4070 SUPER, 6539 MiB, 77 %, 64, 114.85 W
2026/09/17 16:33:19.550, 1, NVIDIA GeForce RTX 5060 Ti, 6935 MiB, 99 %, 67, 117.40 W
2026/09/17 16:33:21.565, 0, NVIDIA GeForce RTX 4070 SUPER, 6539 MiB, 37 %, 67, 98.80 W
2026/09/17 16:33:21.565, 1, NVIDIA GeForce RTX 5060 Ti, 6935 MiB, 60 %, 59, 114.05 W
2026/09/17 16:33:23.567, 0, NVIDIA GeForce RTX 4070 SUPER, 6539 MiB, 49 %, 68, 137.48 W
2026/09/17 16:33:23.567, 1, NVIDIA GeForce RTX 5060 Ti, 6935 MiB, 99 %, 68, 147.82 W
2026/09/17 16:33:25.581, 0, NVIDIA GeForce RTX 4070 SUPER, 6539 MiB, 38 %, 67, 105.45 W
2026/09/17 16:33:25.581, 1, NVIDIA GeForce RTX 5060 Ti, 6935 MiB, 59 %, 60, 131.58 W
2026/09/17 16:33:27.582, 0, NVIDIA GeForce RTX 4070 SUPER, 6539 MiB, 92 %, 69, 61.62 W
2026/09/17 16:33:27.582, 1, NVIDIA GeForce RTX 5060 Ti, 6935 MiB, 20 %, 54, 53.59 W
2026/09/17 16:33:29.596, 0, NVIDIA GeForce RTX 4070 SUPER, 6539 MiB, 84 %, 66, 143.31 W
2026/09/17 16:33:29.596, 1, NVIDIA GeForce RTX 5060 Ti, 6935 MiB, 99 %, 68, 147.69 W
2026/09/17 16:33:31.612, 0, NVIDIA GeForce RTX 4070 SUPER, 6561 MiB, 39 %, 65, 94.72 W
2026/09/17 16:33:31.612, 1, NVIDIA GeForce RTX 5060 Ti, 6935 MiB, 58 %, 60, 108.46 W
2026/09/17 16:33:33.627, 0, NVIDIA GeForce RTX 4070 SUPER, 6561 MiB, 39 %, 64, 88.43 W
2026/09/17 16:33:33.627, 1, NVIDIA GeForce RTX 5060 Ti, 6935 MiB, 61 %, 58, 95.81 W
2026/09/17 16:33:35.629, 0, NVIDIA GeForce RTX 4070 SUPER, 6555 MiB, 33 %, 76, 112.17 W
2026/09/17 16:33:35.629, 1, NVIDIA GeForce RTX 5060 Ti, 6935 MiB, 99 %, 67, 113.48 W
2026/09/17 16:33:37.631, 0, NVIDIA GeForce RTX 4070 SUPER, 6544 MiB, 5 %, 75, 138.86 W
2026/09/17 16:33:37.631, 1, NVIDIA GeForce RTX 5060 Ti, 6935 MiB, 99 %, 69, 147.62 W
2026/09/17 16:33:39.643, 0, NVIDIA GeForce RTX 4070 SUPER, 6535 MiB, 39 %, 67, 104.44 W
2026/09/17 16:33:39.643, 1, NVIDIA GeForce RTX 5060 Ti, 6935 MiB, 62 %, 58, 96.74 W
2026/09/17 16:33:41.644, 0, NVIDIA GeForce RTX 4070 SUPER, 6552 MiB, 2 %, 65, 112.36 W
2026/09/17 16:33:41.644, 1, NVIDIA GeForce RTX 5060 Ti, 6935 MiB, 88 %, 68, 115.69 W
2026/09/17 16:33:43.660, 0, NVIDIA GeForce RTX 4070 SUPER, 6552 MiB, 38 %, 66, 106.93 W
2026/09/17 16:33:43.660, 1, NVIDIA GeForce RTX 5060 Ti, 6935 MiB, 63 %, 59, 101.81 W
2026/09/17 16:33:45.674, 0, NVIDIA GeForce RTX 4070 SUPER, 6551 MiB, 34 %, 64, 86.69 W
2026/09/17 16:33:45.674, 1, NVIDIA GeForce RTX 5060 Ti, 6935 MiB, 59 %, 58, 101.26 W
2026/09/17 16:33:47.676, 0, NVIDIA GeForce RTX 4070 SUPER, 6543 MiB, 54 %, 65, 140.81 W
2026/09/17 16:33:47.676, 1, NVIDIA GeForce RTX 5060 Ti, 6935 MiB, 99 %, 68, 148.12 W
2026/09/17 16:33:49.690, 0, NVIDIA GeForce RTX 4070 SUPER, 6535 MiB, 36 %, 66, 108.41 W
2026/09/17 16:33:49.690, 1, NVIDIA GeForce RTX 5060 Ti, 6935 MiB, 59 %, 60, 102.18 W
2026/09/17 16:33:51.693, 0, NVIDIA GeForce RTX 4070 SUPER, 6555 MiB, 40 %, 64, 89.30 W
2026/09/17 16:33:51.693, 1, NVIDIA GeForce RTX 5060 Ti, 6935 MiB, 59 %, 58, 101.82 W
2026/09/17 16:33:53.706, 0, NVIDIA GeForce RTX 4070 SUPER, 6559 MiB, 85 %, 72, 46.74 W
2026/09/17 16:33:53.706, 1, NVIDIA GeForce RTX 5060 Ti, 6935 MiB, 99 %, 56, 32.11 W
2026/09/17 16:33:55.707, 0, NVIDIA GeForce RTX 4070 SUPER, 6562 MiB, 41 %, 65, 97.94 W
2026/09/17 16:33:55.707, 1, NVIDIA GeForce RTX 5060 Ti, 6935 MiB, 63 %, 59, 108.99 W
2026/09/17 16:33:57.723, 0, NVIDIA GeForce RTX 4070 SUPER, 6558 MiB, 38 %, 64, 92.42 W
2026/09/17 16:33:57.723, 1, NVIDIA GeForce RTX 5060 Ti, 6935 MiB, 61 %, 57, 101.39 W
2026/09/17 16:33:59.738, 0, NVIDIA GeForce RTX 4070 SUPER, 6558 MiB, 38 %, 62, 80.77 W
2026/09/17 16:33:59.738, 1, NVIDIA GeForce RTX 5060 Ti, 6935 MiB, 59 %, 57, 101.11 W
2026/09/17 16:34:01.753, 0, NVIDIA GeForce RTX 4070 SUPER, 6559 MiB, 38 %, 62, 77.76 W
2026/09/17 16:34:01.753, 1, NVIDIA GeForce RTX 5060 Ti, 6935 MiB, 62 %, 59, 100.60 W
2026/09/17 16:34:03.754, 0, NVIDIA GeForce RTX 4070 SUPER, 6557 MiB, 41 %, 61, 76.95 W
2026/09/17 16:34:03.754, 1, NVIDIA GeForce RTX 5060 Ti, 6935 MiB, 61 %, 58, 100.55 W
2026/09/17 16:34:05.770, 0, NVIDIA GeForce RTX 4070 SUPER, 6555 MiB, 38 %, 61, 76.30 W
2026/09/17 16:34:05.770, 1, NVIDIA GeForce RTX 5060 Ti, 6935 MiB, 62 %, 59, 100.32 W
2026/09/17 16:34:07.783, 0, NVIDIA GeForce RTX 4070 SUPER, 6551 MiB, 71 %, 68, 74.40 W
2026/09/17 16:34:07.783, 1, NVIDIA GeForce RTX 5060 Ti, 6935 MiB, 99 %, 64, 80.05 W
2026/09/17 16:34:09.786, 0, NVIDIA GeForce RTX 4070 SUPER, 6548 MiB, 34 %, 64, 109.24 W
2026/09/17 16:34:09.786, 1, NVIDIA GeForce RTX 5060 Ti, 6935 MiB, 63 %, 60, 100.65 W
2026/09/17 16:34:11.802, 0, NVIDIA GeForce RTX 4070 SUPER, 6551 MiB, 34 %, 63, 86.87 W
2026/09/17 16:34:11.802, 1, NVIDIA GeForce RTX 5060 Ti, 6935 MiB, 59 %, 59, 100.01 W
2026/09/17 16:34:13.803, 0, NVIDIA GeForce RTX 4070 SUPER, 6550 MiB, 35 %, 62, 77.12 W
2026/09/17 16:34:13.803, 1, NVIDIA GeForce RTX 5060 Ti, 6935 MiB, 62 %, 59, 100.37 W
2026/09/17 16:34:15.817, 0, NVIDIA GeForce RTX 4070 SUPER, 6545 MiB, 59 %, 64, 142.10 W
2026/09/17 16:34:15.817, 1, NVIDIA GeForce RTX 5060 Ti, 6935 MiB, 99 %, 67, 147.58 W
2026/09/17 16:34:17.820, 0, NVIDIA GeForce RTX 4070 SUPER, 6544 MiB, 35 %, 66, 109.13 W
2026/09/17 16:34:17.820, 1, NVIDIA GeForce RTX 5060 Ti, 6935 MiB, 61 %, 60, 101.10 W
2026/09/17 16:34:19.836, 0, NVIDIA GeForce RTX 4070 SUPER, 6551 MiB, 36 %, 64, 90.18 W
2026/09/17 16:34:19.836, 1, NVIDIA GeForce RTX 5060 Ti, 6935 MiB, 59 %, 59, 101.48 W
2026/09/17 16:34:21.849, 0, NVIDIA GeForce RTX 4070 SUPER, 6549 MiB, 38 %, 61, 80.18 W
2026/09/17 16:34:21.849, 1, NVIDIA GeForce RTX 5060 Ti, 6935 MiB, 58 %, 58, 101.47 W
2026/09/17 16:34:23.863, 0, NVIDIA GeForce RTX 4070 SUPER, 6553 MiB, 89 %, 73, 114.74 W
2026/09/17 16:34:23.863, 1, NVIDIA GeForce RTX 5060 Ti, 6935 MiB, 99 %, 66, 105.37 W
2026/09/17 16:34:25.879, 0, NVIDIA GeForce RTX 4070 SUPER, 6581 MiB, 39 %, 64, 110.01 W
2026/09/17 16:34:25.879, 1, NVIDIA GeForce RTX 5060 Ti, 6935 MiB, 57 %, 58, 100.85 W
2026/09/17 16:34:27.894, 0, NVIDIA GeForce RTX 4070 SUPER, 6581 MiB, 40 %, 62, 90.68 W
2026/09/17 16:34:27.894, 1, NVIDIA GeForce RTX 5060 Ti, 6935 MiB, 59 %, 57, 100.87 W
2026/09/17 16:34:29.896, 0, NVIDIA GeForce RTX 4070 SUPER, 6576 MiB, 39 %, 62, 79.56 W
2026/09/17 16:34:29.896, 1, NVIDIA GeForce RTX 5060 Ti, 6935 MiB, 61 %, 57, 100.72 W
2026/09/17 16:34:31.899, 0, NVIDIA GeForce RTX 4070 SUPER, 6564 MiB, 37 %, 62, 77.07 W
2026/09/17 16:34:31.899, 1, NVIDIA GeForce RTX 5060 Ti, 6935 MiB, 62 %, 59, 100.56 W
2026/09/17 16:34:33.911, 0, NVIDIA GeForce RTX 4070 SUPER, 6553 MiB, 39 %, 60, 76.76 W
2026/09/17 16:34:33.911, 1, NVIDIA GeForce RTX 5060 Ti, 6935 MiB, 57 %, 58, 100.32 W
2026/09/17 16:34:35.926, 0, NVIDIA GeForce RTX 4070 SUPER, 6538 MiB, 40 %, 61, 75.85 W
2026/09/17 16:34:35.926, 1, NVIDIA GeForce RTX 5060 Ti, 6935 MiB, 57 %, 58, 100.80 W
2026/09/17 16:34:37.941, 0, NVIDIA GeForce RTX 4070 SUPER, 6531 MiB, 38 %, 60, 67.85 W
2026/09/17 16:34:37.941, 1, NVIDIA GeForce RTX 5060 Ti, 6935 MiB, 55 %, 58, 84.65 W
2026/09/17 16:34:39.946, 0, NVIDIA GeForce RTX 4070 SUPER, 6531 MiB, 35 %, 62, 74.02 W
2026/09/17 16:34:39.946, 1, NVIDIA GeForce RTX 5060 Ti, 6935 MiB, 61 %, 58, 99.45 W
2026/09/17 16:34:41.960, 0, NVIDIA GeForce RTX 4070 SUPER, 6531 MiB, 38 %, 60, 74.98 W
2026/09/17 16:34:41.960, 1, NVIDIA GeForce RTX 5060 Ti, 6935 MiB, 55 %, 59, 99.21 W
2026/09/17 16:34:43.971, 0, NVIDIA GeForce RTX 4070 SUPER, 6531 MiB, 77 %, 67, 84.28 W
2026/09/17 16:34:43.971, 1, NVIDIA GeForce RTX 5060 Ti, 6935 MiB, 50 %, 60, 88.12 W
2026/09/17 16:34:45.988, 0, NVIDIA GeForce RTX 4070 SUPER, 6531 MiB, 42 %, 64, 118.25 W
2026/09/17 16:34:45.988, 1, NVIDIA GeForce RTX 5060 Ti, 6935 MiB, 99 %, 66, 95.61 W
2026/09/17 16:34:48.003, 0, NVIDIA GeForce RTX 4070 SUPER, 6531 MiB, 35 %, 65, 100.50 W
2026/09/17 16:34:48.003, 1, NVIDIA GeForce RTX 5060 Ti, 6935 MiB, 60 %, 57, 106.37 W
2026/09/17 16:34:50.008, 0, NVIDIA GeForce RTX 4070 SUPER, 6531 MiB, 40 %, 62, 88.27 W
2026/09/17 16:34:50.008, 1, NVIDIA GeForce RTX 5060 Ti, 6935 MiB, 60 %, 59, 100.66 W
2026/09/17 16:34:52.022, 0, NVIDIA GeForce RTX 4070 SUPER, 6531 MiB, 36 %, 61, 79.23 W
2026/09/17 16:34:52.022, 1, NVIDIA GeForce RTX 5060 Ti, 6935 MiB, 62 %, 59, 100.73 W
2026/09/17 16:34:54.036, 0, NVIDIA GeForce RTX 4070 SUPER, 6531 MiB, 39 %, 61, 76.58 W
2026/09/17 16:34:54.036, 1, NVIDIA GeForce RTX 5060 Ti, 6935 MiB, 57 %, 59, 100.55 W
2026/09/17 16:34:56.051, 0, NVIDIA GeForce RTX 4070 SUPER, 6532 MiB, 37 %, 60, 76.34 W
2026/09/17 16:34:56.051, 1, NVIDIA GeForce RTX 5060 Ti, 6935 MiB, 60 %, 59, 100.33 W
2026/09/17 16:34:58.055, 0, NVIDIA GeForce RTX 4070 SUPER, 6532 MiB, 38 %, 62, 76.16 W
2026/09/17 16:34:58.055, 1, NVIDIA GeForce RTX 5060 Ti, 6935 MiB, 60 %, 57, 100.73 W
2026/09/17 16:35:00.068, 0, NVIDIA GeForce RTX 4070 SUPER, 6532 MiB, 34 %, 59, 60.20 W
2026/09/17 16:35:00.068, 1, NVIDIA GeForce RTX 5060 Ti, 6935 MiB, 87 %, 60, 76.22 W
2026/09/17 16:35:02.069, 0, NVIDIA GeForce RTX 4070 SUPER, 6531 MiB, 37 %, 64, 111.10 W
2026/09/17 16:35:02.069, 1, NVIDIA GeForce RTX 5060 Ti, 6935 MiB, 57 %, 59, 132.36 W
2026/09/17 16:35:04.082, 0, NVIDIA GeForce RTX 4070 SUPER, 6531 MiB, 36 %, 62, 96.29 W
2026/09/17 16:35:04.082, 1, NVIDIA GeForce RTX 5060 Ti, 6935 MiB, 64 %, 58, 100.76 W
2026/09/17 16:35:06.098, 0, NVIDIA GeForce RTX 4070 SUPER, 6531 MiB, 34 %, 62, 80.69 W
2026/09/17 16:35:06.098, 1, NVIDIA GeForce RTX 5060 Ti, 6935 MiB, 59 %, 57, 100.64 W
2026/09/17 16:35:08.101, 0, NVIDIA GeForce RTX 4070 SUPER, 6531 MiB, 20 %, 61, 122.89 W
2026/09/17 16:35:08.101, 1, NVIDIA GeForce RTX 5060 Ti, 6935 MiB, 99 %, 60, 147.30 W
2026/09/17 16:35:10.117, 0, NVIDIA GeForce RTX 4070 SUPER, 6531 MiB, 36 %, 64, 102.48 W
2026/09/17 16:35:10.117, 1, NVIDIA GeForce RTX 5060 Ti, 6935 MiB, 61 %, 58, 101.77 W
2026/09/17 16:35:12.133, 0, NVIDIA GeForce RTX 4070 SUPER, 6531 MiB, 39 %, 61, 83.64 W
2026/09/17 16:35:12.133, 1, NVIDIA GeForce RTX 5060 Ti, 6935 MiB, 60 %, 57, 100.99 W
2026/09/17 16:35:14.143, 0, NVIDIA GeForce RTX 4070 SUPER, 6531 MiB, 38 %, 65, 100.50 W
2026/09/17 16:35:14.143, 1, NVIDIA GeForce RTX 5060 Ti, 6935 MiB, 58 %, 58, 116.63 W
2026/09/17 16:35:16.159, 0, NVIDIA GeForce RTX 4070 SUPER, 6531 MiB, 35 %, 63, 93.46 W
2026/09/17 16:35:16.159, 1, NVIDIA GeForce RTX 5060 Ti, 6935 MiB, 60 %, 59, 101.01 W
2026/09/17 16:35:18.161, 0, NVIDIA GeForce RTX 4070 SUPER, 6531 MiB, 41 %, 59, 73.17 W
2026/09/17 16:35:18.161, 1, NVIDIA GeForce RTX 5060 Ti, 6935 MiB, 22 %, 52, 88.60 W
2026/09/17 16:35:20.176, 0, NVIDIA GeForce RTX 4070 SUPER, 6531 MiB, 36 %, 64, 96.98 W
2026/09/17 16:35:20.176, 1, NVIDIA GeForce RTX 5060 Ti, 6935 MiB, 61 %, 59, 112.19 W
2026/09/17 16:35:22.178, 0, NVIDIA GeForce RTX 4070 SUPER, 6531 MiB, 38 %, 62, 91.84 W
2026/09/17 16:35:22.178, 1, NVIDIA GeForce RTX 5060 Ti, 6935 MiB, 60 %, 58, 101.18 W
2026/09/17 16:35:24.190, 0, NVIDIA GeForce RTX 4070 SUPER, 6531 MiB, 30 %, 59, 70.47 W
2026/09/17 16:35:24.190, 1, NVIDIA GeForce RTX 5060 Ti, 6935 MiB, 29 %, 52, 87.00 W
2026/09/17 16:35:26.207, 0, NVIDIA GeForce RTX 4070 SUPER, 6531 MiB, 36 %, 65, 106.91 W
2026/09/17 16:35:26.207, 1, NVIDIA GeForce RTX 5060 Ti, 6935 MiB, 60 %, 59, 125.64 W
2026/09/17 16:35:28.212, 0, NVIDIA GeForce RTX 4070 SUPER, 6531 MiB, 38 %, 65, 100.17 W
2026/09/17 16:35:28.212, 1, NVIDIA GeForce RTX 5060 Ti, 6935 MiB, 99 %, 66, 80.75 W
2026/09/17 16:35:30.226, 0, NVIDIA GeForce RTX 4070 SUPER, 6531 MiB, 38 %, 65, 98.95 W
2026/09/17 16:35:30.226, 1, NVIDIA GeForce RTX 5060 Ti, 6935 MiB, 59 %, 60, 113.58 W
2026/09/17 16:35:32.241, 0, NVIDIA GeForce RTX 4070 SUPER, 6531 MiB, 36 %, 65, 92.46 W
2026/09/17 16:35:32.241, 1, NVIDIA GeForce RTX 5060 Ti, 6935 MiB, 60 %, 60, 101.01 W
2026/09/17 16:35:34.255, 0, NVIDIA GeForce RTX 4070 SUPER, 6531 MiB, 38 %, 74, 114.08 W
2026/09/17 16:35:34.255, 1, NVIDIA GeForce RTX 5060 Ti, 6935 MiB, 99 %, 67, 107.91 W
2026/09/17 16:35:36.268, 0, NVIDIA GeForce RTX 4070 SUPER, 6531 MiB, 35 %, 67, 110.06 W
2026/09/17 16:35:36.268, 1, NVIDIA GeForce RTX 5060 Ti, 6935 MiB, 62 %, 59, 101.30 W
2026/09/17 16:35:38.270, 0, NVIDIA GeForce RTX 4070 SUPER, 6531 MiB, 0 %, 58, 25.88 W
2026/09/17 16:35:38.270, 1, NVIDIA GeForce RTX 5060 Ti, 6935 MiB, 0 %, 52, 38.36 W
2026/09/17 16:35:40.285, 0, NVIDIA GeForce RTX 4070 SUPER, 6578 MiB, 0 %, 57, 21.11 W
2026/09/17 16:35:40.285, 1, NVIDIA GeForce RTX 5060 Ti, 6935 MiB, 0 %, 49, 20.67 W
2026/09/17 16:35:42.286, 0, NVIDIA GeForce RTX 4070 SUPER, 6578 MiB, 3 %, 56, 21.02 W
2026/09/17 16:35:42.286, 1, NVIDIA GeForce RTX 5060 Ti, 6935 MiB, 0 %, 47, 11.30 W
2026/09/17 16:35:44.299, 0, NVIDIA GeForce RTX 4070 SUPER, 6573 MiB, 0 %, 55, 11.86 W
2026/09/17 16:35:44.299, 1, NVIDIA GeForce RTX 5060 Ti, 6935 MiB, 0 %, 47, 10.44 W
2026/09/17 16:35:46.313, 0, NVIDIA GeForce RTX 4070 SUPER, 6561 MiB, 0 %, 54, 10.00 W
2026/09/17 16:35:46.313, 1, NVIDIA GeForce RTX 5060 Ti, 6935 MiB, 0 %, 46, 10.40 W
2026/09/17 16:35:48.321, 0, NVIDIA GeForce RTX 4070 SUPER, 6547 MiB, 0 %, 54, 9.88 W
2026/09/17 16:35:48.321, 1, NVIDIA GeForce RTX 5060 Ti, 6935 MiB, 0 %, 45, 10.02 W
2026/09/17 16:35:50.335, 0, NVIDIA GeForce RTX 4070 SUPER, 6532 MiB, 0 %, 53, 9.94 W
2026/09/17 16:35:50.335, 1, NVIDIA GeForce RTX 5060 Ti, 6935 MiB, 0 %, 45, 9.99 W
2026/09/17 16:35:52.348, 0, NVIDIA GeForce RTX 4070 SUPER, 6531 MiB, 0 %, 53, 9.62 W
2026/09/17 16:35:52.348, 1, NVIDIA GeForce RTX 5060 Ti, 6935 MiB, 0 %, 44, 9.93 W
2026/09/17 16:35:54.360, 0, NVIDIA GeForce RTX 4070 SUPER, 6695 MiB, 3 %, 52, 10.41 W
2026/09/17 16:35:54.360, 1, NVIDIA GeForce RTX 5060 Ti, 6935 MiB, 0 %, 43, 9.66 W
2026/09/17 16:35:56.366, 0, NVIDIA GeForce RTX 4070 SUPER, 6696 MiB, 5 %, 52, 9.58 W
2026/09/17 16:35:56.366, 1, NVIDIA GeForce RTX 5060 Ti, 6935 MiB, 0 %, 43, 9.65 W
2026/09/17 16:35:58.372, 0, NVIDIA GeForce RTX 4070 SUPER, 6625 MiB, 0 %, 51, 9.38 W
2026/09/17 16:35:58.372, 1, NVIDIA GeForce RTX 5060 Ti, 6935 MiB, 0 %, 42, 9.61 W
2026/09/17 16:36:00.379, 0, NVIDIA GeForce RTX 4070 SUPER, 6599 MiB, 4 %, 51, 9.51 W
2026/09/17 16:36:00.379, 1, NVIDIA GeForce RTX 5060 Ti, 6935 MiB, 0 %, 42, 9.84 W
2026/09/17 16:36:02.393, 0, NVIDIA GeForce RTX 4070 SUPER, 6547 MiB, 4 %, 51, 9.49 W
2026/09/17 16:36:02.393, 1, NVIDIA GeForce RTX 5060 Ti, 6935 MiB, 0 %, 41, 9.56 W
2026/09/17 16:36:04.397, 0, NVIDIA GeForce RTX 4070 SUPER, 6540 MiB, 5 %, 50, 9.22 W
2026/09/17 16:36:04.397, 1, NVIDIA GeForce RTX 5060 Ti, 6935 MiB, 0 %, 41, 9.68 W
2026/09/17 16:36:06.400, 0, NVIDIA GeForce RTX 4070 SUPER, 6542 MiB, 0 %, 50, 9.30 W
2026/09/17 16:36:06.400, 1, NVIDIA GeForce RTX 5060 Ti, 6935 MiB, 0 %, 41, 9.44 W
2026/09/17 16:36:08.409, 0, NVIDIA GeForce RTX 4070 SUPER, 6541 MiB, 0 %, 50, 9.42 W
2026/09/17 16:36:08.409, 1, NVIDIA GeForce RTX 5060 Ti, 6935 MiB, 0 %, 40, 9.57 W
2026/09/17 16:36:10.425, 0, NVIDIA GeForce RTX 4070 SUPER, 6540 MiB, 0 %, 49, 9.22 W
2026/09/17 16:36:10.425, 1, NVIDIA GeForce RTX 5060 Ti, 6935 MiB, 0 %, 40, 9.45 W
2026/09/17 16:36:12.441, 0, NVIDIA GeForce RTX 4070 SUPER, 6530 MiB, 4 %, 49, 9.28 W
2026/09/17 16:36:12.441, 1, NVIDIA GeForce RTX 5060 Ti, 6935 MiB, 0 %, 40, 9.35 W
2026/09/17 16:36:14.453, 0, NVIDIA GeForce RTX 4070 SUPER, 6552 MiB, 0 %, 49, 9.24 W
2026/09/17 16:36:14.453, 1, NVIDIA GeForce RTX 5060 Ti, 6935 MiB, 0 %, 39, 9.52 W
2026/09/17 16:36:16.458, 0, NVIDIA GeForce RTX 4070 SUPER, 6595 MiB, 0 %, 48, 8.91 W
2026/09/17 16:36:16.458, 1, NVIDIA GeForce RTX 5060 Ti, 6935 MiB, 0 %, 39, 9.26 W
2026/09/17 16:36:18.473, 0, NVIDIA GeForce RTX 4070 SUPER, 6587 MiB, 0 %, 48, 9.04 W
2026/09/17 16:36:18.473, 1, NVIDIA GeForce RTX 5060 Ti, 6935 MiB, 0 %, 39, 9.26 W
2026/09/17 16:36:20.482, 0, NVIDIA GeForce RTX 4070 SUPER, 6581 MiB, 0 %, 48, 8.86 W
2026/09/17 16:36:20.482, 1, NVIDIA GeForce RTX 5060 Ti, 6935 MiB, 0 %, 38, 9.31 W
2026/09/17 16:36:22.497, 0, NVIDIA GeForce RTX 4070 SUPER, 6580 MiB, 5 %, 48, 8.73 W
2026/09/17 16:36:22.497, 1, NVIDIA GeForce RTX 5060 Ti, 6935 MiB, 0 %, 38, 9.31 W
2026/09/17 16:36:24.507, 0, NVIDIA GeForce RTX 4070 SUPER, 6568 MiB, 0 %, 47, 8.79 W
2026/09/17 16:36:24.507, 1, NVIDIA GeForce RTX 5060 Ti, 6935 MiB, 0 %, 38, 9.23 W
2026/09/17 16:36:26.523, 0, NVIDIA GeForce RTX 4070 SUPER, 6563 MiB, 0 %, 47, 8.59 W
2026/09/17 16:36:26.523, 1, NVIDIA GeForce RTX 5060 Ti, 6935 MiB, 0 %, 38, 9.12 W
2026/09/17 16:36:28.534, 0, NVIDIA GeForce RTX 4070 SUPER, 6572 MiB, 0 %, 47, 8.30 W
2026/09/17 16:36:28.534, 1, NVIDIA GeForce RTX 5060 Ti, 6935 MiB, 0 %, 38, 8.99 W
2026/09/17 16:36:30.536, 0, NVIDIA GeForce RTX 4070 SUPER, 6555 MiB, 5 %, 47, 8.50 W
2026/09/17 16:36:30.536, 1, NVIDIA GeForce RTX 5060 Ti, 6935 MiB, 0 %, 37, 8.95 W
2026/09/17 16:36:32.551, 0, NVIDIA GeForce RTX 4070 SUPER, 6555 MiB, 0 %, 46, 8.60 W
2026/09/17 16:36:32.551, 1, NVIDIA GeForce RTX 5060 Ti, 6935 MiB, 0 %, 38, 9.01 W
2026/09/17 16:36:34.565, 0, NVIDIA GeForce RTX 4070 SUPER, 6554 MiB, 0 %, 46, 8.47 W
2026/09/17 16:36:34.565, 1, NVIDIA GeForce RTX 5060 Ti, 6935 MiB, 0 %, 38, 8.94 W
2026/09/17 16:36:36.566, 0, NVIDIA GeForce RTX 4070 SUPER, 6547 MiB, 0 %, 46, 8.66 W
2026/09/17 16:36:36.566, 1, NVIDIA GeForce RTX 5060 Ti, 6935 MiB, 0 %, 37, 8.96 W
2026/09/17 16:36:38.571, 0, NVIDIA GeForce RTX 4070 SUPER, 6534 MiB, 0 %, 46, 7.72 W
2026/09/17 16:36:38.571, 1, NVIDIA GeForce RTX 5060 Ti, 6935 MiB, 0 %, 38, 8.96 W
2026/09/17 16:36:40.582, 0, NVIDIA GeForce RTX 4070 SUPER, 6534 MiB, 5 %, 46, 7.69 W
2026/09/17 16:36:40.582, 1, NVIDIA GeForce RTX 5060 Ti, 6935 MiB, 0 %, 38, 8.94 W
2026/09/17 16:36:42.596, 0, NVIDIA GeForce RTX 4070 SUPER, 6534 MiB, 0 %, 46, 7.74 W
2026/09/17 16:36:42.596, 1, NVIDIA GeForce RTX 5060 Ti, 6935 MiB, 0 %, 38, 8.92 W
2026/09/17 16:36:44.612, 0, NVIDIA GeForce RTX 4070 SUPER, 6541 MiB, 0 %, 46, 7.94 W
2026/09/17 16:36:44.612, 1, NVIDIA GeForce RTX 5060 Ti, 6935 MiB, 0 %, 38, 8.98 W
2026/09/17 16:36:46.614, 0, NVIDIA GeForce RTX 4070 SUPER, 6551 MiB, 0 %, 46, 7.92 W
2026/09/17 16:36:46.614, 1, NVIDIA GeForce RTX 5060 Ti, 6935 MiB, 0 %, 38, 8.90 W
2026/09/17 16:36:48.619, 0, NVIDIA GeForce RTX 4070 SUPER, 6558 MiB, 16 %, 46, 8.98 W
2026/09/17 16:36:48.619, 1, NVIDIA GeForce RTX 5060 Ti, 6935 MiB, 0 %, 38, 8.93 W
2026/09/17 16:36:50.628, 0, NVIDIA GeForce RTX 4070 SUPER, 6559 MiB, 0 %, 46, 9.00 W
2026/09/17 16:36:50.628, 1, NVIDIA GeForce RTX 5060 Ti, 6935 MiB, 0 %, 38, 8.94 W
2026/09/17 16:36:52.643, 0, NVIDIA GeForce RTX 4070 SUPER, 6556 MiB, 0 %, 46, 8.11 W
2026/09/17 16:36:52.643, 1, NVIDIA GeForce RTX 5060 Ti, 6935 MiB, 0 %, 38, 8.96 W
2026/09/17 16:36:54.645, 0, NVIDIA GeForce RTX 4070 SUPER, 6556 MiB, 0 %, 46, 7.99 W
2026/09/17 16:36:54.645, 1, NVIDIA GeForce RTX 5060 Ti, 6935 MiB, 0 %, 38, 8.95 W
2026/09/17 16:36:56.661, 0, NVIDIA GeForce RTX 4070 SUPER, 6543 MiB, 5 %, 46, 7.95 W
2026/09/17 16:36:56.661, 1, NVIDIA GeForce RTX 5060 Ti, 6935 MiB, 0 %, 38, 8.95 W
2026/09/17 16:36:58.677, 0, NVIDIA GeForce RTX 4070 SUPER, 6542 MiB, 0 %, 46, 7.91 W
2026/09/17 16:36:58.677, 1, NVIDIA GeForce RTX 5060 Ti, 6935 MiB, 0 %, 38, 8.95 W
2026/09/17 16:37:00.692, 0, NVIDIA GeForce RTX 4070 SUPER, 6539 MiB, 0 %, 46, 8.05 W
2026/09/17 16:37:00.692, 1, NVIDIA GeForce RTX 5060 Ti, 6935 MiB, 0 %, 38, 8.96 W
2026/09/17 16:37:02.693, 0, NVIDIA GeForce RTX 4070 SUPER, 6539 MiB, 0 %, 46, 8.11 W
2026/09/17 16:37:02.693, 1, NVIDIA GeForce RTX 5060 Ti, 6935 MiB, 0 %, 38, 8.98 W
2026/09/17 16:37:04.695, 0, NVIDIA GeForce RTX 4070 SUPER, 6539 MiB, 0 %, 46, 8.26 W
2026/09/17 16:37:04.695, 1, NVIDIA GeForce RTX 5060 Ti, 6935 MiB, 0 %, 38, 9.01 W
2026/09/17 16:37:06.708, 0, NVIDIA GeForce RTX 4070 SUPER, 6539 MiB, 0 %, 46, 7.95 W
2026/09/17 16:37:06.708, 1, NVIDIA GeForce RTX 5060 Ti, 6935 MiB, 0 %, 38, 8.99 W
2026/09/17 16:37:08.710, 0, NVIDIA GeForce RTX 4070 SUPER, 6539 MiB, 0 %, 46, 8.05 W
2026/09/17 16:37:08.710, 1, NVIDIA GeForce RTX 5060 Ti, 6935 MiB, 0 %, 38, 8.96 W
2026/09/17 16:37:10.724, 0, NVIDIA GeForce RTX 4070 SUPER, 6539 MiB, 0 %, 46, 8.08 W
2026/09/17 16:37:10.724, 1, NVIDIA GeForce RTX 5060 Ti, 6935 MiB, 0 %, 38, 9.03 W
2026/09/17 16:37:12.725, 0, NVIDIA GeForce RTX 4070 SUPER, 6539 MiB, 0 %, 47, 7.88 W
2026/09/17 16:37:12.725, 1, NVIDIA GeForce RTX 5060 Ti, 6935 MiB, 0 %, 38, 9.07 W
2026/09/17 16:37:14.740, 0, NVIDIA GeForce RTX 4070 SUPER, 6539 MiB, 5 %, 47, 8.14 W
2026/09/17 16:37:14.740, 1, NVIDIA GeForce RTX 5060 Ti, 6935 MiB, 0 %, 38, 9.02 W
2026/09/17 16:37:16.769, 0, NVIDIA GeForce RTX 4070 SUPER, 6539 MiB, 0 %, 47, 8.13 W
2026/09/17 16:37:16.769, 1, NVIDIA GeForce RTX 5060 Ti, 6935 MiB, 0 %, 38, 9.06 W
2026/09/17 16:37:18.772, 0, NVIDIA GeForce RTX 4070 SUPER, 6539 MiB, 0 %, 47, 8.35 W
2026/09/17 16:37:18.772, 1, NVIDIA GeForce RTX 5060 Ti, 6935 MiB, 0 %, 39, 9.22 W
2026/09/17 16:37:20.785, 0, NVIDIA GeForce RTX 4070 SUPER, 6539 MiB, 0 %, 47, 8.24 W
2026/09/17 16:37:20.785, 1, NVIDIA GeForce RTX 5060 Ti, 6935 MiB, 0 %, 39, 9.01 W
2026/09/17 16:37:22.788, 0, NVIDIA GeForce RTX 4070 SUPER, 6539 MiB, 4 %, 47, 8.17 W
2026/09/17 16:37:22.788, 1, NVIDIA GeForce RTX 5060 Ti, 6935 MiB, 0 %, 39, 9.09 W
2026/09/17 16:37:24.802, 0, NVIDIA GeForce RTX 4070 SUPER, 6539 MiB, 0 %, 47, 8.19 W
2026/09/17 16:37:24.802, 1, NVIDIA GeForce RTX 5060 Ti, 6935 MiB, 0 %, 39, 9.05 W
2026/09/17 16:37:26.815, 0, NVIDIA GeForce RTX 4070 SUPER, 6539 MiB, 0 %, 47, 8.32 W
2026/09/17 16:37:26.815, 1, NVIDIA GeForce RTX 5060 Ti, 6935 MiB, 0 %, 39, 9.05 W
2026/09/17 16:37:28.831, 0, NVIDIA GeForce RTX 4070 SUPER, 6539 MiB, 0 %, 47, 8.22 W
2026/09/17 16:37:28.831, 1, NVIDIA GeForce RTX 5060 Ti, 6935 MiB, 0 %, 39, 9.03 W
2026/09/17 16:37:30.836, 0, NVIDIA GeForce RTX 4070 SUPER, 6539 MiB, 0 %, 47, 7.98 W
2026/09/17 16:37:30.836, 1, NVIDIA GeForce RTX 5060 Ti, 6935 MiB, 0 %, 39, 9.04 W
2026/09/17 16:37:32.850, 0, NVIDIA GeForce RTX 4070 SUPER, 6539 MiB, 5 %, 47, 7.91 W
2026/09/17 16:37:32.850, 1, NVIDIA GeForce RTX 5060 Ti, 6935 MiB, 0 %, 39, 9.06 W
2026/09/17 16:37:34.864, 0, NVIDIA GeForce RTX 4070 SUPER, 6539 MiB, 0 %, 47, 8.01 W
2026/09/17 16:37:34.864, 1, NVIDIA GeForce RTX 5060 Ti, 6935 MiB, 0 %, 39, 9.07 W
2026/09/17 16:37:36.876, 0, NVIDIA GeForce RTX 4070 SUPER, 6539 MiB, 0 %, 47, 7.94 W
2026/09/17 16:37:36.876, 1, NVIDIA GeForce RTX 5060 Ti, 6935 MiB, 0 %, 39, 9.11 W
2026/09/17 16:37:38.884, 0, NVIDIA GeForce RTX 4070 SUPER, 6539 MiB, 0 %, 47, 7.97 W
2026/09/17 16:37:38.884, 1, NVIDIA GeForce RTX 5060 Ti, 6935 MiB, 0 %, 39, 9.15 W
2026/09/17 16:37:40.898, 0, NVIDIA GeForce RTX 4070 SUPER, 6539 MiB, 5 %, 47, 8.11 W
2026/09/17 16:37:40.898, 1, NVIDIA GeForce RTX 5060 Ti, 6935 MiB, 0 %, 39, 9.11 W
2026/09/17 16:37:42.911, 0, NVIDIA GeForce RTX 4070 SUPER, 6555 MiB, 0 %, 47, 8.01 W
2026/09/17 16:37:42.911, 1, NVIDIA GeForce RTX 5060 Ti, 6935 MiB, 0 %, 39, 9.13 W
2026/09/17 16:37:44.926, 0, NVIDIA GeForce RTX 4070 SUPER, 6539 MiB, 0 %, 47, 7.84 W
2026/09/17 16:37:44.926, 1, NVIDIA GeForce RTX 5060 Ti, 6935 MiB, 0 %, 39, 9.24 W
2026/09/17 16:37:46.940, 0, NVIDIA GeForce RTX 4070 SUPER, 6539 MiB, 0 %, 47, 7.92 W
2026/09/17 16:37:46.940, 1, NVIDIA GeForce RTX 5060 Ti, 6935 MiB, 0 %, 39, 9.12 W
2026/09/17 16:37:48.944, 0, NVIDIA GeForce RTX 4070 SUPER, 6539 MiB, 0 %, 47, 7.71 W
2026/09/17 16:37:48.944, 1, NVIDIA GeForce RTX 5060 Ti, 6935 MiB, 0 %, 39, 9.26 W
2026/09/17 16:37:50.959, 0, NVIDIA GeForce RTX 4070 SUPER, 6539 MiB, 5 %, 47, 7.92 W
2026/09/17 16:37:50.959, 1, NVIDIA GeForce RTX 5060 Ti, 6935 MiB, 0 %, 39, 9.11 W
2026/09/17 16:37:52.975, 0, NVIDIA GeForce RTX 4070 SUPER, 6539 MiB, 0 %, 47, 7.88 W
2026/09/17 16:37:52.975, 1, NVIDIA GeForce RTX 5060 Ti, 6935 MiB, 0 %, 39, 9.09 W
2026/09/17 16:37:54.988, 0, NVIDIA GeForce RTX 4070 SUPER, 6539 MiB, 0 %, 47, 7.88 W
2026/09/17 16:37:54.988, 1, NVIDIA GeForce RTX 5060 Ti, 6935 MiB, 0 %, 39, 9.09 W
2026/09/17 16:37:56.995, 0, NVIDIA GeForce RTX 4070 SUPER, 6539 MiB, 0 %, 47, 7.92 W
2026/09/17 16:37:56.995, 1, NVIDIA GeForce RTX 5060 Ti, 6935 MiB, 0 %, 39, 9.14 W
2026/09/17 16:37:59.008, 0, NVIDIA GeForce RTX 4070 SUPER, 6539 MiB, 0 %, 47, 7.72 W
2026/09/17 16:37:59.008, 1, NVIDIA GeForce RTX 5060 Ti, 6935 MiB, 0 %, 40, 9.12 W
2026/09/17 16:38:01.025, 0, NVIDIA GeForce RTX 4070 SUPER, 6539 MiB, 5 %, 47, 7.79 W
2026/09/17 16:38:01.025, 1, NVIDIA GeForce RTX 5060 Ti, 6935 MiB, 0 %, 40, 9.10 W
2026/09/17 16:38:03.041, 0, NVIDIA GeForce RTX 4070 SUPER, 6539 MiB, 0 %, 47, 7.82 W
2026/09/17 16:38:03.041, 1, NVIDIA GeForce RTX 5060 Ti, 6935 MiB, 0 %, 40, 9.14 W
2026/09/17 16:38:05.051, 0, NVIDIA GeForce RTX 4070 SUPER, 6539 MiB, 0 %, 47, 7.76 W
2026/09/17 16:38:05.051, 1, NVIDIA GeForce RTX 5060 Ti, 6935 MiB, 0 %, 40, 9.11 W
2026/09/17 16:38:07.055, 0, NVIDIA GeForce RTX 4070 SUPER, 6539 MiB, 0 %, 47, 7.77 W
2026/09/17 16:38:07.055, 1, NVIDIA GeForce RTX 5060 Ti, 6935 MiB, 0 %, 40, 9.12 W
2026/09/17 16:38:09.057, 0, NVIDIA GeForce RTX 4070 SUPER, 6539 MiB, 5 %, 47, 7.74 W
2026/09/17 16:38:09.057, 1, NVIDIA GeForce RTX 5060 Ti, 6935 MiB, 0 %, 40, 9.12 W
2026/09/17 16:38:11.071, 0, NVIDIA GeForce RTX 4070 SUPER, 6539 MiB, 0 %, 47, 7.82 W
2026/09/17 16:38:11.071, 1, NVIDIA GeForce RTX 5060 Ti, 6935 MiB, 0 %, 40, 9.18 W
2026/09/17 16:38:13.083, 0, NVIDIA GeForce RTX 4070 SUPER, 6539 MiB, 0 %, 47, 7.84 W
2026/09/17 16:38:13.083, 1, NVIDIA GeForce RTX 5060 Ti, 6935 MiB, 0 %, 40, 9.12 W
2026/09/17 16:38:15.100, 0, NVIDIA GeForce RTX 4070 SUPER, 6539 MiB, 0 %, 47, 7.95 W
2026/09/17 16:38:15.100, 1, NVIDIA GeForce RTX 5060 Ti, 6935 MiB, 0 %, 40, 9.15 W
2026/09/17 16:38:17.112, 0, NVIDIA GeForce RTX 4070 SUPER, 6539 MiB, 0 %, 47, 7.78 W
2026/09/17 16:38:17.112, 1, NVIDIA GeForce RTX 5060 Ti, 6935 MiB, 0 %, 40, 9.11 W
2026/09/17 16:38:19.117, 0, NVIDIA GeForce RTX 4070 SUPER, 6539 MiB, 0 %, 47, 7.78 W
2026/09/17 16:38:19.117, 1, NVIDIA GeForce RTX 5060 Ti, 6935 MiB, 0 %, 40, 9.09 W
2026/09/17 16:38:21.132, 0, NVIDIA GeForce RTX 4070 SUPER, 6539 MiB, 0 %, 47, 7.65 W
2026/09/17 16:38:21.132, 1, NVIDIA GeForce RTX 5060 Ti, 6935 MiB, 0 %, 40, 9.12 W
2026/09/17 16:38:23.146, 0, NVIDIA GeForce RTX 4070 SUPER, 6539 MiB, 0 %, 47, 7.77 W
2026/09/17 16:38:23.146, 1, NVIDIA GeForce RTX 5060 Ti, 6935 MiB, 0 %, 40, 9.16 W
2026/09/17 16:38:25.161, 0, NVIDIA GeForce RTX 4070 SUPER, 6539 MiB, 0 %, 47, 7.72 W
2026/09/17 16:38:25.161, 1, NVIDIA GeForce RTX 5060 Ti, 6935 MiB, 0 %, 40, 9.14 W
2026/09/17 16:38:27.175, 0, NVIDIA GeForce RTX 4070 SUPER, 6539 MiB, 5 %, 47, 7.89 W
2026/09/17 16:38:27.175, 1, NVIDIA GeForce RTX 5060 Ti, 6935 MiB, 0 %, 40, 9.19 W
2026/09/17 16:38:29.182, 0, NVIDIA GeForce RTX 4070 SUPER, 6539 MiB, 0 %, 47, 8.00 W
2026/09/17 16:38:29.182, 1, NVIDIA GeForce RTX 5060 Ti, 6935 MiB, 0 %, 40, 9.11 W
2026/09/17 16:38:31.195, 0, NVIDIA GeForce RTX 4070 SUPER, 6539 MiB, 0 %, 47, 7.91 W
2026/09/17 16:38:31.195, 1, NVIDIA GeForce RTX 5060 Ti, 6935 MiB, 0 %, 40, 9.11 W
2026/09/17 16:38:33.209, 0, NVIDIA GeForce RTX 4070 SUPER, 6539 MiB, 0 %, 47, 7.99 W
2026/09/17 16:38:33.209, 1, NVIDI